words,scoring
stare,2.5205183585313176
arose,2.4971922246220304
slate,2.4907127429805613
raise,2.4712742980561555
arise,2.470842332613391
saner,2.459611231101512
snare,2.4583153347732183
irate,2.454427645788337
stale,2.447084233261339
crate,2.4414686825053997
trace,2.425917926565875
later,2.415550755939525
share,2.4025917926565876
store,2.396112311015119
scare,2.3956803455723543
alter,2.393952483801296
crane,2.3935205183585313
alert,2.368466522678186
teary,2.3667386609071275
saute,2.365010799136069
cater,2.3585313174946005
spare,2.357235421166307
alone,2.355075593952484
trade,2.3537796976241903
snore,2.3339092872570193
grate,2.3339092872570193
shale,2.329157667386609
least,2.32829373650108
stole,2.3226781857451404
react,2.3222462203023757
scale,2.3222462203023757
blare,2.318790496760259
parse,2.3114470842332615
glare,2.306695464362851
atone,2.305831533477322
learn,2.299784017278618
early,2.2980561555075596
leant,2.29244060475162
paler,2.2829373650107994
aisle,2.2807775377969763
flare,2.2807775377969763
shore,2.2781857451403886
steal,2.2755939524838014
trice,2.2751619870410367
score,2.2712742980561553
clear,2.2712742980561553
crone,2.2691144708423328
stone,2.2691144708423328
heart,2.268682505399568
loser,2.2682505399568034
taper,2.2669546436285097
hater,2.2647948164146867
relay,2.2639308855291578
plate,2.263498920086393
adore,2.2630669546436284
sauce,2.2617710583153348
safer,2.26133909287257
alien,2.260475161987041
caste,2.2600431965442764
shear,2.2596112311015117
baler,2.2591792656587475
siren,2.257451403887689
canoe,2.2526997840172784
shire,2.2518358531317495
renal,2.250539956803456
layer,2.2488120950323975
tamer,2.24622030237581
large,2.2444924406047515
pearl,2.2444924406047515
route,2.2436285097192226
brace,2.242764578833693
slice,2.2367170626349893
stage,2.2336933045356373
prose,2.2332613390928726
spore,2.232829373650108
rouse,2.2315334773218143
grace,2.230669546436285
solar,2.2254859611231104
suite,2.224622030237581
roast,2.222462203023758
lager,2.2159827213822894
cleat,2.2155507559395247
plane,2.2155507559395247
dealt,2.2151187904967604
spear,2.214254859611231
great,2.214254859611231
aider,2.2129589632829374
trope,2.2099352051835854
spire,2.206479481641469
tread,2.206047516198704
slave,2.2017278617710585
close,2.198704103671706
lance,2.198704103671706
rinse,2.197840172786177
prone,2.1974082073434125
cause,2.1974082073434125
drone,2.1952483801295894
noise,2.193952483801296
crest,2.1913606911447086
sober,2.1892008639308855
stair,2.188768898488121
paste,2.1883369330453566
skate,2.1883369330453566
tenor,2.187473002159827
water,2.1870410367170625
liner,2.1840172786177106
tripe,2.183585313174946
smear,2.1822894168466522
horse,2.1814254859611233
stake,2.1809935205183586
earth,2.179697624190065
caper,2.1792656587473003
range,2.1792656587473003
taker,2.1792656587473003
tried,2.178401727861771
beast,2.1758099352051836
table,2.1758099352051836
sonar,2.1749460043196542
space,2.1749460043196542
trail,2.17451403887689
drape,2.1727861771058317
plier,2.1719222462203023
slope,2.1714902807775376
erase,2.1688984881209503
urine,2.167170626349892
ready,2.1667386609071273
haste,2.166306695464363
yeast,2.1658747300215984
lapse,2.165010799136069
baste,2.1645788336933047
slide,2.1645788336933047
clone,2.1628509719222464
stern,2.1628509719222464
salve,2.161987041036717
lathe,2.1615550755939523
realm,2.1615550755939523
afire,2.161123110151188
place,2.1602591792656587
trial,2.158963282937365
grade,2.1585313174946004
farce,2.1585313174946004
saint,2.1572354211663067
chase,2.155939524838013
forte,2.15377969762419
stave,2.1524838012958964
crave,2.1524838012958964
shone,2.1511879049676024
swore,2.1511879049676024
slant,2.1511879049676024
false,2.1498920086393087
poise,2.1494600431965445
shade,2.1481641468682504
brine,2.1473002159827215
louse,2.146436285097192
leapt,2.145572354211663
wrote,2.145572354211663
scone,2.1442764578833695
pleat,2.143844492440605
borne,2.143844492440605
truce,2.14341252699784
cadet,2.1421166306695465
poser,2.139524838012959
grape,2.1390928725701945
sower,2.13866090712743
outer,2.138228941684665
feast,2.1377969762419005
yearn,2.137365010799136
tribe,2.135205183585313
swear,2.1326133909287255
leash,2.1321814254859612
slime,2.1308855291576676
panel,2.130453563714903
shape,2.1287257019438446
spite,2.127429805615551
state,2.1265658747300216
meant,2.1265658747300216
reach,2.126133909287257
pause,2.1257019438444926
feral,2.125269978401728
ramen,2.125269978401728
shine,2.1248380129589632
agile,2.1244060475161985
chore,2.1226781857451402
smote,2.1218142548596113
snarl,2.1205183585313176
bleat,2.120086393088553
payer,2.120086393088553
since,2.120086393088553
write,2.1192224622030236
those,2.1192224622030236
snake,2.1187904967602593
stead,2.1183585313174946
tease,2.11792656587473
alike,2.1161987041036716
cruel,2.1161987041036716
anode,2.1161987041036716
price,2.115766738660907
trove,2.115766738660907
haute,2.115766738660907
shame,2.1144708423326133
curse,2.1110151187904966
matey,2.1105831533477324
flier,2.1101511879049677
risen,2.108855291576674
weary,2.10755939524838
drake,2.1071274298056157
carve,2.1062634989200864
regal,2.1053995680345574
cedar,2.1041036717062633
argue,2.103671706263499
worse,2.103671706263499
inter,2.1032397408207344
spade,2.1028077753779697
train,2.1010799136069114
smile,2.1010799136069114
enact,2.1010799136069114
aside,2.0997840172786177
after,2.099352051835853
frame,2.0989200863930884
eater,2.0980561555075594
skier,2.096760259179266
mealy,2.096760259179266
clean,2.0958963282937364
smite,2.0954643628509717
treat,2.0946004319654428
older,2.0928725701943844
craze,2.0924406047516197
barge,2.0920086393088555
valet,2.0920086393088555
meaty,2.091144708423326
petal,2.091144708423326
cried,2.0907127429805614
goner,2.088552915766739
waste,2.088552915766739
repay,2.088552915766739
stray,2.088120950323974
cable,2.088120950323974
style,2.0876889848812095
alive,2.0876889848812095
lease,2.0872570194384448
suave,2.086393088552916
brake,2.0855291576673864
spiel,2.0846652267818575
sedan,2.084233261339093
phase,2.084233261339093
gayer,2.084233261339093
nurse,2.083801295896328
anger,2.082937365010799
crime,2.0816414686825055
coast,2.0803455723542115
laden,2.0794816414686825
spine,2.0794816414686825
inert,2.077753779697624
sweat,2.076889848812095
sepia,2.0764578833693306
salty,2.076025917926566
elate,2.0747300215982722
teach,2.0717062634989203
acute,2.070842332613391
surge,2.070842332613391
tower,2.070842332613391
tiger,2.0695464362850973
timer,2.0691144708423326
dance,2.067818574514039
coral,2.067818574514039
stein,2.0669546436285096
heard,2.0652267818574512
carol,2.0652267818574512
utile,2.0652267818574512
blade,2.0643628509719223
trite,2.063498920086393
beard,2.063498920086393
eclat,2.063498920086393
brute,2.063498920086393
shake,2.0630669546436287
super,2.062634989200864
slain,2.062634989200864
ovate,2.0622030237580993
merit,2.0609071274298056
rainy,2.060475161987041
ratio,2.059611231101512
slept,2.0578833693304537
resin,2.0570194384449243
brave,2.0570194384449243
their,2.05658747300216
camel,2.05658747300216
stoke,2.05658747300216
anime,2.0561555075593954
hotel,2.0548596112311017
metal,2.0539956803455723
solve,2.0539956803455723
artsy,2.0539956803455723
islet,2.0535637149028076
snide,2.0531317494600434
diner,2.0531317494600434
cream,2.052267818574514
glade,2.052267818574514
steam,2.052267818574514
peril,2.0518358531317493
gamer,2.0509719222462204
force,2.0505399568034557
raven,2.0496760259179267
cheat,2.0483801295896327
delay,2.0479481641468684
salon,2.0475161987041037
onset,2.047084233261339
spelt,2.0457883369330454
nosey,2.044924406047516
grave,2.044924406047516
filer,2.044060475161987
avert,2.0436285097192224
pride,2.0436285097192224
voter,2.0436285097192224
inlet,2.0436285097192224
snort,2.0423326133909288
opera,2.041900647948164
latte,2.0414686825053994
leach,2.041036717062635
lower,2.0401727861771057
motel,2.039740820734341
trend,2.039740820734341
prune,2.039308855291577
delta,2.039308855291577
purse,2.039308855291577
shalt,2.0375809935205185
creak,2.0371490280777538
steak,2.0371490280777538
penal,2.036717062634989
facet,2.036717062634989
rouge,2.03585313174946
harem,2.0354211663066955
shave,2.0345572354211665
smart,2.033693304535637
snipe,2.033693304535637
miser,2.0332613390928724
taste,2.032829373650108
lover,2.031965442764579
chose,2.031533477321814
blame,2.030669546436285
scent,2.030669546436285
tilde,2.030669546436285
cease,2.0302375809935205
cameo,2.0293736501079915
trash,2.0293736501079915
angle,2.0293736501079915
fetal,2.0293736501079915
satyr,2.028941684665227
stove,2.0280777537796975
satin,2.026781857451404
heist,2.026781857451404
naive,2.0250539956803455
snail,2.024622030237581
spice,2.0241900647948166
bread,2.0228941684665225
steer,2.021598272138229
nicer,2.021598272138229
story,2.021166306695464
terse,2.021166306695464
cider,2.0207343412527
scary,2.0207343412527
cagey,2.0198704103671705
bride,2.0198704103671705
wrest,2.0198704103671705
pried,2.0190064794816416
horde,2.018142548596112
miner,2.018142548596112
rifle,2.0172786177105833
maple,2.0168466522678186
bluer,2.016414686825054
remit,2.0159827213822896
singe,2.015550755939525
sleet,2.0151187904967602
grope,2.0146868250539955
smelt,2.0138228941684666
death,2.013390928725702
stain,2.013390928725702
other,2.013390928725702
serif,2.0116630669546436
boule,2.0116630669546436
cutie,2.01036717062635
prime,2.0099352051835853
cairn,2.0090712742980563
bathe,2.0090712742980563
gruel,2.0086393088552916
crept,2.0086393088552916
email,2.008207343412527
entry,2.007343412526998
relic,2.007343412526998
tonal,2.005183585313175
taken,2.0038876889848813
whale,2.002159827213823
probe,2.002159827213823
triad,2.0017278617710583
copse,2.0
arson,1.9982721382289417
polar,1.9982721382289417
swine,1.9978401727861772
unite,1.9974082073434125
scope,1.9974082073434125
leaky,1.9965442764578833
leafy,1.9965442764578833
baker,1.9961123110151189
rogue,1.9961123110151189
house,1.9956803455723542
comet,1.994816414686825
grant,1.9943844492440606
parer,1.9943844492440606
finer,1.9935205183585314
ulcer,1.9935205183585314
flame,1.9926565874730022
spent,1.9922246220302375
rivet,1.9922246220302375
idler,1.991792656587473
terra,1.9913606911447084
gripe,1.9883369330453564
amuse,1.9883369330453564
filet,1.9883369330453564
glean,1.9883369330453564
metro,1.9874730021598273
wager,1.9874730021598273
short,1.986609071274298
graze,1.9848812095032398
boast,1.9848812095032398
lithe,1.984449244060475
agent,1.983585313174946
crude,1.983585313174946
cower,1.9831533477321814
maker,1.9827213822894167
scree,1.9822894168466523
angel,1.9809935205183586
heron,1.9809935205183586
mouse,1.980561555075594
shoal,1.9796976241900648
talon,1.9796976241900648
racer,1.9796976241900648
grail,1.9792656587473003
poesy,1.9788336933045356
loose,1.9788336933045356
dream,1.9784017278617712
recap,1.9771058315334773
scant,1.9771058315334773
reply,1.9758099352051837
opine,1.9758099352051837
deity,1.975377969762419
sneak,1.9749460043196545
cover,1.9749460043196545
grime,1.9740820734341253
debar,1.9740820734341253
ocean,1.9736501079913606
shied,1.9727861771058315
dairy,1.9714902807775379
wiser,1.9706263498920087
soapy,1.9697624190064795
ripen,1.9688984881209504
towel,1.9688984881209504
oaken,1.9680345572354212
guile,1.967170626349892
abuse,1.9637149028077754
honey,1.9632829373650107
refit,1.9632829373650107
ideal,1.9632829373650107
liver,1.9628509719222462
recut,1.9624190064794815
ankle,1.961987041036717
bagel,1.9615550755939526
boney,1.9615550755939526
crier,1.9615550755939526
molar,1.961123110151188
broke,1.961123110151188
shirt,1.9602591792656587
sneer,1.9593952483801296
moral,1.958963282937365
abode,1.9585313174946004
corer,1.958099352051836
fried,1.9572354211663068
tuber,1.9572354211663068
easel,1.956803455723542
homer,1.956803455723542
decal,1.9563714902807776
prove,1.9563714902807776
reset,1.955939524838013
chart,1.9555075593952485
plait,1.9550755939524838
tapir,1.9550755939524838
fable,1.9546436285097193
credo,1.9546436285097193
drove,1.9542116630669546
navel,1.9537796976241901
frail,1.9533477321814254
loath,1.9533477321814254
noble,1.952915766738661
hairy,1.951619870410367
savor,1.9511879049676026
arena,1.9511879049676026
value,1.950755939524838
foyer,1.9503239740820735
usage,1.9503239740820735
guise,1.9494600431965443
surer,1.9494600431965443
flair,1.9490280777537796
paper,1.9490280777537796
party,1.9485961123110151
money,1.9481641468682505
decor,1.947732181425486
royal,1.9473002159827213
scaly,1.9473002159827213
reign,1.9473002159827213
olive,1.9473002159827213
forge,1.9460043196544277
exalt,1.9460043196544277
diary,1.9451403887688985
azure,1.9447084233261338
erupt,1.9447084233261338
stark,1.9442764578833693
spree,1.9438444924406046
relax,1.942548596112311
bloat,1.9421166306695465
break,1.9416846652267818
crash,1.9416846652267818
sport,1.9412526997840174
flake,1.9412526997840174
adobe,1.9408207343412527
inane,1.9403887688984882
alley,1.9403887688984882
plead,1.9403887688984882
pulse,1.939524838012959
drain,1.939524838012959
fiery,1.9390928725701944
untie,1.9386609071274299
dirge,1.9365010799136069
blast,1.9360691144708424
agree,1.9352051835853132
roach,1.9352051835853132
droit,1.9347732181425485
serum,1.9347732181425485
wafer,1.934341252699784
retch,1.933477321814255
amber,1.9326133909287257
actor,1.9326133909287257
tardy,1.9326133909287257
abide,1.932181425485961
heady,1.9308855291576674
pedal,1.9304535637149027
strap,1.9300215982721383
twine,1.9300215982721383
paint,1.9300215982721383
gloat,1.9300215982721383
staid,1.9295896328293736
beady,1.929157667386609
mange,1.92829373650108
drive,1.9278617710583152
spied,1.9274298056155508
ashen,1.926133909287257
spray,1.9248380129589633
sadly,1.9248380129589633
elite,1.9239740820734341
plant,1.9239740820734341
phone,1.9239740820734341
voice,1.923110151187905
eaten,1.9226781857451405
clove,1.9218142548596113
piety,1.9218142548596113
abort,1.9213822894168466
three,1.9213822894168466
ounce,1.9213822894168466
grove,1.9205183585313175
steel,1.9196544276457883
unset,1.9196544276457883
decay,1.9192224622030238
flute,1.9192224622030238
covet,1.9192224622030238
brain,1.91792656587473
chest,1.91792656587473
truer,1.9174946004319655
olden,1.9174946004319655
groan,1.9166306695464363
ample,1.9166306695464363
piney,1.9161987041036717
chair,1.9153347732181425
begat,1.9140388768898489
start,1.9140388768898489
halve,1.912742980561555
plied,1.912742980561555
peach,1.9123110151187905
lunar,1.9123110151187905
poker,1.9118790496760258
fairy,1.9118790496760258
prude,1.9118790496760258
power,1.9114470842332614
trawl,1.9114470842332614
labor,1.9114470842332614
waver,1.9114470842332614
shove,1.9101511879049675
gazer,1.9101511879049675
surly,1.9092872570194384
asset,1.9084233261339092
splat,1.9084233261339092
manor,1.9079913606911447
shard,1.90755939524838
chafe,1.90755939524838
irony,1.9071274298056156
coupe,1.9066954643628509
pesto,1.9062634989200864
grain,1.9058315334773217
trait,1.9058315334773217
owner,1.9049676025917928
float,1.9041036717062636
freak,1.903671706263499
sheer,1.903671706263499
overt,1.9032397408207344
glide,1.9015118790496761
flyer,1.9015118790496761
nerdy,1.900647948164147
title,1.900647948164147
radio,1.8989200863930886
stand,1.898488120950324
eager,1.898488120950324
daily,1.8980561555075595
shrew,1.8976241900647948
foray,1.8971922246220303
fecal,1.8967602591792656
acorn,1.8967602591792656
baron,1.8963282937365011
image,1.8958963282937364
ridge,1.8958963282937364
token,1.8958963282937364
riser,1.8958963282937364
berth,1.8950323974082073
noose,1.8946004319654428
verso,1.8941684665226781
stony,1.8941684665226781
crony,1.8941684665226781
sinew,1.8941684665226781
medal,1.893304535637149
spoke,1.893304535637149
clerk,1.8915766738660906
mercy,1.8911447084233262
flora,1.8911447084233262
blaze,1.8907127429805615
screw,1.8907127429805615
ladle,1.8907127429805615
reuse,1.8898488120950323
craft,1.8894168466522678
otter,1.8894168466522678
aware,1.8894168466522678
court,1.8889848812095031
beach,1.8885529157667387
drier,1.8876889848812095
saucy,1.8868250539956803
biome,1.8859611231101512
chute,1.8855291576673867
brief,1.885097192224622
pecan,1.885097192224622
tarot,1.8842332613390929
maize,1.8833693304535637
erode,1.881209503239741
hover,1.881209503239741
ultra,1.8807775377969762
waive,1.8807775377969762
daisy,1.8803455723542117
frost,1.879913606911447
lodge,1.879913606911447
decry,1.879913606911447
print,1.8794816414686826
model,1.8790496760259179
slang,1.8790496760259179
amble,1.8790496760259179
sloth,1.8786177105831534
glaze,1.8786177105831534
rebut,1.8781857451403887
whole,1.8777537796976242
truly,1.8773218142548596
wheat,1.876889848812095
adept,1.8755939524838012
dread,1.874730021598272
twice,1.874730021598272
hoard,1.8742980561555076
mower,1.8742980561555076
speak,1.873866090712743
gavel,1.8734341252699784
grief,1.8730021598272137
board,1.8725701943844493
rayon,1.8712742980561554
stalk,1.870842332613391
tense,1.870842332613391
prize,1.8699784017278618
sharp,1.869546436285097
faint,1.8682505399568035
giant,1.867818574514039
peace,1.8673866090712743
shorn,1.8669546436285098
setup,1.8669546436285098
broil,1.8669546436285098
spike,1.8669546436285098
waist,1.8660907127429807
melon,1.8660907127429807
mover,1.8660907127429807
lemur,1.865658747300216
sugar,1.865658747300216
wreak,1.865658747300216
corny,1.8643628509719223
gaily,1.8643628509719223
ovine,1.8634989200863932
guest,1.8622030237580993
rehab,1.8622030237580993
fresh,1.8617710583153348
today,1.8617710583153348
abled,1.8617710583153348
smoke,1.8613390928725702
valor,1.860475161987041
whose,1.8600431965442765
scorn,1.8600431965442765
globe,1.8600431965442765
croak,1.8591792656587474
nadir,1.8587473002159827
dopey,1.8583153347732182
greet,1.8583153347732182
nasty,1.8578833693304535
loamy,1.8570194384449243
leery,1.8570194384449243
mince,1.8557235421166307
there,1.8557235421166307
crust,1.855291576673866
bloke,1.8548596112311015
under,1.8539956803455724
beret,1.8535637149028077
extra,1.8531317494600432
toast,1.8531317494600432
clued,1.8526997840172785
adorn,1.8518358531317494
while,1.851403887688985
fibre,1.8509719222462202
aloft,1.8509719222462202
infer,1.8505399568034557
retro,1.850107991360691
masse,1.850107991360691
sandy,1.850107991360691
track,1.8496760259179266
sperm,1.8496760259179266
wider,1.8492440604751619
warty,1.8488120950323974
awoke,1.848380129589633
sheet,1.8479481641468682
dried,1.847084233261339
rearm,1.8466522678185746
agate,1.8466522678185746
brash,1.84622030237581
white,1.8457883369330454
patio,1.8457883369330454
novel,1.8457883369330454
depot,1.8453563714902808
broad,1.8449244060475163
above,1.8449244060475163
eagle,1.8449244060475163
front,1.8440604751619871
purge,1.8436285097192224
edict,1.8427645788336933
chide,1.841900647948164
felon,1.8414686825053996
spilt,1.8414686825053996
patsy,1.8406047516198705
retry,1.8401727861771058
ester,1.8397408207343413
erect,1.8397408207343413
straw,1.8388768898488121
gleam,1.8384449244060475
flirt,1.8384449244060475
gorge,1.8375809935205183
exact,1.8371490280777538
weird,1.8367170626349891
palsy,1.8367170626349891
cleft,1.8367170626349891
randy,1.8367170626349891
ruler,1.8362850971922247
covey,1.83585313174946
dicey,1.83585313174946
hoist,1.83585313174946
lemon,1.83585313174946
abate,1.8354211663066955
badge,1.8354211663066955
bleak,1.8354211663066955
plain,1.8354211663066955
clash,1.8354211663066955
deter,1.8349892008639308
storm,1.8349892008639308
froze,1.8345572354211663
curve,1.8341252699784016
braid,1.8341252699784016
usher,1.8336933045356372
raspy,1.8323974082073433
diver,1.8319654427645788
fiber,1.8311015118790497
solid,1.8311015118790497
algae,1.830669546436285
media,1.830669546436285
bribe,1.830669546436285
piano,1.8302375809935205
enter,1.829805615550756
threw,1.829805615550756
tidal,1.829805615550756
uncle,1.8285097192224622
chant,1.8285097192224622
scald,1.8272138228941686
shark,1.8263498920086394
quote,1.8263498920086394
torus,1.8259179265658747
heath,1.8254859611231102
snout,1.8254859611231102
skirt,1.8250539956803455
buyer,1.8241900647948164
crawl,1.823758099352052
lapel,1.823758099352052
abase,1.8233261339092872
payee,1.8233261339092872
cargo,1.822462203023758
hazel,1.8220302375809936
lunge,1.8220302375809936
point,1.8220302375809936
wooer,1.821598272138229
moist,1.8207343412526997
rarer,1.8198704103671706
stork,1.8198704103671706
tract,1.819438444924406
noisy,1.8190064794816414
upset,1.818574514038877
scour,1.818574514038877
stank,1.817278617710583
crank,1.817278617710583
heavy,1.817278617710583
ascot,1.8168466522678186
wrist,1.8155507559395248
perch,1.8155507559395248
draft,1.8155507559395248
bilge,1.8151187904967603
apron,1.8146868250539956
goose,1.8142548596112311
glove,1.8142548596112311
haven,1.8138228941684664
puree,1.8138228941684664
golem,1.8138228941684664
pasty,1.813390928725702
boxer,1.813390928725702
moose,1.8129589632829373
worst,1.812095032397408
savoy,1.812095032397408
serve,1.812095032397408
ombre,1.812095032397408
lefty,1.8116630669546436
mauve,1.8116630669546436
slack,1.8112311015118792
order,1.8107991360691145
leave,1.81036717062635
basil,1.8099352051835853
decoy,1.8086393088552917
chime,1.808207343412527
organ,1.808207343412527
glory,1.8073434125269978
dowel,1.8073434125269978
cheap,1.8069114470842333
tulle,1.8060475161987042
cigar,1.805183585313175
scrap,1.805183585313175
roger,1.8047516198704103
inept,1.8038876889848812
stoic,1.8038876889848812
quiet,1.8034557235421167
brand,1.803023758099352
rebar,1.8017278617710584
octal,1.8008639308855292
baton,1.8004319654427645
inner,1.8004319654427645
meter,1.8
quite,1.8
coven,1.7995680345572354
spoil,1.7991360691144709
carat,1.7991360691144709
knelt,1.7991360691144709
thorn,1.7991360691144709
stall,1.7987041036717062
giver,1.7982721382289417
whine,1.797840172786177
salvo,1.7969762419006479
sewer,1.7969762419006479
liken,1.7961123110151187
daunt,1.7961123110151187
ranch,1.7961123110151187
foist,1.7961123110151187
mayor,1.7956803455723542
dunce,1.7956803455723542
viper,1.7952483801295895
mural,1.794816414686825
strip,1.794816414686825
thief,1.794816414686825
began,1.7943844492440604
altar,1.7943844492440604
amend,1.7935205183585312
tiara,1.7935205183585312
wince,1.7930885529157667
viral,1.791792656587473
along,1.7913606911447084
hasty,1.7913606911447084
aorta,1.7913606911447084
choir,1.790928725701944
grand,1.790928725701944
ebony,1.790928725701944
scarf,1.7904967602591793
movie,1.7900647948164148
aunty,1.7900647948164148
clasp,1.7900647948164148
fault,1.7900647948164148
apple,1.7900647948164148
scene,1.78963282937365
scalp,1.7892008639308856
grasp,1.788768898488121
spend,1.788768898488121
sever,1.788768898488121
cobra,1.7883369330453565
tramp,1.7870410367170626
swirl,1.7870410367170626
marsh,1.7866090712742981
leper,1.7866090712742981
guide,1.7861771058315334
derby,1.7861771058315334
pansy,1.7861771058315334
label,1.7861771058315334
bowel,1.785745140388769
sheik,1.7840172786177106
torch,1.7840172786177106
often,1.783585313174946
siege,1.783585313174946
inlay,1.783585313174946
choke,1.7831533477321815
spurt,1.7831533477321815
debit,1.7831533477321815
cress,1.7827213822894168
gnome,1.7827213822894168
wrath,1.7822894168466523
graft,1.7818574514038876
clout,1.7814254859611232
groin,1.7814254859611232
cyber,1.7809935205183585
spark,1.7809935205183585
first,1.7809935205183585
maybe,1.780561555075594
elder,1.780561555075594
grout,1.7801295896328293
posse,1.7792656587473001
sonic,1.7792656587473001
hovel,1.7792656587473001
tepid,1.7788336933045357
forty,1.7788336933045357
hyena,1.7779697624190065
exist,1.7775377969762418
shelf,1.7775377969762418
rodeo,1.7771058315334773
scram,1.7771058315334773
haunt,1.7762419006479482
orbit,1.775377969762419
taint,1.7745140388768899
preen,1.7745140388768899
rider,1.7745140388768899
yield,1.7736501079913607
sleep,1.7736501079913607
shady,1.7732181425485962
split,1.7732181425485962
roost,1.772354211663067
north,1.772354211663067
briny,1.772354211663067
plume,1.7719222462203024
macro,1.7719222462203024
posit,1.7719222462203024
piper,1.7719222462203024
lousy,1.771490280777538
shaft,1.771490280777538
diode,1.771490280777538
perky,1.7710583153347732
ethos,1.7710583153347732
sally,1.7710583153347732
horny,1.7706263498920087
aloud,1.770194384449244
repel,1.7697624190064796
shout,1.7697624190064796
dirty,1.7693304535637149
south,1.7693304535637149
rival,1.7693304535637149
lumen,1.7680345572354212
crepe,1.7676025917926566
niche,1.7676025917926566
genre,1.7667386609071274
voila,1.7667386609071274
manly,1.7667386609071274
hinge,1.766306695464363
ovary,1.766306695464363
cache,1.7658747300215982
latch,1.7654427645788338
chaos,1.7645788336933046
binge,1.7645788336933046
these,1.7645788336933046
swept,1.7637149028077754
scout,1.7628509719222463
pilot,1.7628509719222463
steed,1.7624190064794816
scion,1.7624190064794816
gaunt,1.7624190064794816
creed,1.7624190064794816
troll,1.761987041036717
utter,1.761987041036717
stack,1.761987041036717
count,1.761987041036717
linen,1.7602591792656588
tango,1.759827213822894
gauge,1.759827213822894
unmet,1.758963282937365
rebus,1.7585313174946005
sorry,1.7585313174946005
intro,1.7580993520518358
rally,1.7576673866090713
align,1.7576673866090713
amity,1.7572354211663066
claim,1.7572354211663066
riper,1.755939524838013
slimy,1.755939524838013
flesh,1.7555075593952483
elope,1.7555075593952483
ralph,1.7550755939524838
vague,1.7550755939524838
rusty,1.7550755939524838
slurp,1.7542116630669546
curly,1.7537796976241902
creme,1.7533477321814255
cloak,1.752915766738661
gauze,1.752915766738661
aptly,1.752915766738661
rupee,1.7524838012958963
chard,1.7520518358531318
tonga,1.7516198704103672
ratty,1.7516198704103672
plaid,1.7516198704103672
hardy,1.7511879049676027
blend,1.7503239740820735
rapid,1.7503239740820735
audit,1.7503239740820735
shiny,1.7498920086393088
tangy,1.7498920086393088
drawl,1.7498920086393088
elide,1.7485961123110152
cheer,1.7481641468682505
mason,1.747732181425486
rhino,1.7464362850971922
gooey,1.7464362850971922
crisp,1.745572354211663
field,1.745572354211663
prank,1.745572354211663
acrid,1.7447084233261339
blurt,1.7447084233261339
total,1.7447084233261339
snaky,1.7438444924406047
drank,1.7434125269978402
knave,1.742548596112311
rhyme,1.741684665226782
girly,1.7412526997840172
curio,1.7412526997840172
testy,1.7408207343412527
adult,1.7399568034557236
sworn,1.7399568034557236
chain,1.7399568034557236
green,1.7386609071274297
quart,1.7382289416846652
bugle,1.7377969762419005
glint,1.737365010799136
fetid,1.7369330453563714
evict,1.7369330453563714
rower,1.7369330453563714
basin,1.736501079913607
allot,1.736501079913607
dwelt,1.7347732181425486
demur,1.7347732181425486
shell,1.7343412526997841
broth,1.7339092872570194
elfin,1.7339092872570194
elect,1.733477321814255
valve,1.733477321814255
belie,1.733477321814255
rebel,1.732181425485961
harpy,1.7317494600431966
deign,1.731317494600432
minor,1.7308855291576675
sleek,1.7304535637149028
theta,1.7291576673866091
crass,1.7291576673866091
rover,1.7287257019438445
hotly,1.72829373650108
brawl,1.72829373650108
sheen,1.72829373650108
sling,1.72829373650108
essay,1.72829373650108
angry,1.7278617710583153
verse,1.7265658747300217
fleet,1.726133909287257
befit,1.7257019438444925
hyper,1.7248380129589633
tweak,1.7244060475161986
spout,1.7244060475161986
steep,1.7244060475161986
creep,1.7244060475161986
burst,1.7239740820734342
brunt,1.7239740820734342
viola,1.7239740820734342
egret,1.7235421166306695
clang,1.7235421166306695
cloth,1.723110151187905
omega,1.723110151187905
equal,1.7226781857451403
agony,1.7222462203023758
purer,1.7222462203023758
sweet,1.720950323974082
faith,1.7200863930885528
angst,1.7200863930885528
bulge,1.7200863930885528
twirl,1.7192224622030237
newly,1.7183585313174945
beset,1.7183585313174945
crazy,1.7174946004319653
being,1.7170626349892009
fruit,1.7170626349892009
vault,1.7166306695464364
slink,1.7157667386609072
final,1.714902807775378
sooty,1.7144708423326134
swarm,1.7144708423326134
sound,1.714038876889849
rabid,1.712742980561555
joker,1.7123110151187906
grunt,1.7118790496760259
flint,1.7114470842332614
betel,1.7114470842332614
tonic,1.7114470842332614
clank,1.7110151187904967
atoll,1.7110151187904967
press,1.7110151187904967
carry,1.7110151187904967
antic,1.7101511879049676
flume,1.7101511879049676
tempo,1.7101511879049676
legal,1.709719222462203
dense,1.7092872570194384
extol,1.7092872570194384
swath,1.708855291576674
dress,1.708855291576674
octet,1.708855291576674
eight,1.7084233261339092
query,1.7084233261339092
cello,1.7084233261339092
knead,1.7084233261339092
wield,1.70755939524838
welsh,1.7071274298056156
chief,1.7071274298056156
moult,1.706695464362851
fixer,1.7062634989200864
zebra,1.7062634989200864
shawl,1.7058315334773217
focal,1.7058315334773217
niece,1.7053995680345573
demon,1.7049676025917926
spiny,1.7045356371490281
about,1.7045356371490281
odder,1.7041036717062634
china,1.7041036717062634
women,1.703671706263499
flour,1.703671706263499
tally,1.7032397408207343
scold,1.7028077753779698
sieve,1.702375809935205
modal,1.702375809935205
slash,1.7019438444924406
flash,1.7019438444924406
shunt,1.701511879049676
neigh,1.701511879049676
ether,1.7010799136069115
seedy,1.7010799136069115
round,1.7006479481641468
quest,1.7006479481641468
tithe,1.7002159827213823
snack,1.6997840172786176
fetus,1.6997840172786176
cramp,1.6993520518358531
shank,1.6993520518358531
stamp,1.6993520518358531
trick,1.6989200863930884
berry,1.698488120950324
seize,1.6980561555075595
totem,1.6980561555075595
adopt,1.6976241900647948
bland,1.6967602591792657
tawny,1.6967602591792657
guard,1.6963282937365012
froth,1.6958963282937365
vital,1.6958963282937365
march,1.695464362850972
zesty,1.6950323974082073
candy,1.6946004319654429
juice,1.6946004319654429
bible,1.6941684665226782
bused,1.6924406047516198
bravo,1.6920086393088554
fiend,1.6920086393088554
belch,1.6920086393088554
caput,1.6907127429805615
lever,1.690280777537797
quake,1.690280777537797
stilt,1.6898488120950323
briar,1.6894168466522679
semen,1.6889848812095032
impel,1.6889848812095032
third,1.6889848812095032
spell,1.6889848812095032
robin,1.6885529157667387
shaky,1.688120950323974
burnt,1.688120950323974
reedy,1.6876889848812096
built,1.6876889848812096
thyme,1.6872570194384449
tumor,1.6868250539956804
charm,1.6859611231101512
oxide,1.6855291576673865
vapor,1.685097192224622
merry,1.685097192224622
liege,1.685097192224622
gland,1.6846652267818574
video,1.6846652267818574
frank,1.6838012958963282
rerun,1.682937365010799
vegan,1.682937365010799
duvet,1.6812095032397407
creek,1.6812095032397407
shall,1.6807775377969763
habit,1.6803455723542116
apart,1.6794816414686824
ruder,1.6794816414686824
epoch,1.6794816414686824
dryer,1.679049676025918
sting,1.679049676025918
tubal,1.6786177105831535
prawn,1.6786177105831535
devil,1.6781857451403888
adage,1.6777537796976243
audio,1.6768898488120951
drawn,1.6764578833693304
denim,1.676025917926566
shirk,1.6755939524838013
guilt,1.6755939524838013
femur,1.6751619870410368
fraud,1.6751619870410368
fella,1.6747300215982721
apnea,1.6747300215982721
vowel,1.6742980561555076
badly,1.673866090712743
widen,1.673866090712743
revel,1.6734341252699785
torso,1.6721382289416846
feign,1.6717062634989202
genie,1.670842332613391
gravy,1.6699784017278618
waxen,1.6699784017278618
lusty,1.6699784017278618
cavil,1.6691144708423327
eerie,1.6682505399568035
lurid,1.6682505399568035
segue,1.6678185745140388
bacon,1.6678185745140388
breed,1.6669546436285096
foamy,1.6665226781857452
below,1.6665226781857452
lanky,1.6665226781857452
stink,1.6665226781857452
pixel,1.6660907127429805
forth,1.6660907127429805
vicar,1.6652267818574513
drift,1.6647948164146869
ardor,1.6639308855291577
exult,1.663498920086393
urban,1.663498920086393
spurn,1.663498920086393
vaunt,1.6630669546436285
favor,1.6622030237580994
debut,1.6622030237580994
ethic,1.6613390928725702
stool,1.6613390928725702
hefty,1.6609071274298055
piece,1.6609071274298055
dozen,1.660475161987041
slick,1.660475161987041
trout,1.660475161987041
envoy,1.660475161987041
madly,1.660475161987041
ferry,1.660475161987041
mourn,1.660475161987041
panic,1.6600431965442766
lorry,1.6600431965442766
heave,1.6596112311015119
river,1.6596112311015119
begin,1.6591792656587474
crush,1.6591792656587474
fluke,1.6587473002159827
joist,1.6583153347732182
burly,1.6583153347732182
tasty,1.6578833693304535
fetch,1.6578833693304535
rural,1.657451403887689
smell,1.6570194384449244
sword,1.6561555075593952
bicep,1.6561555075593952
brawn,1.6548596112311016
greed,1.6548596112311016
pouty,1.6548596112311016
cabin,1.654427645788337
spank,1.6539956803455724
alloy,1.6531317494600433
mount,1.6531317494600433
gonad,1.6526997840172786
stash,1.6526997840172786
squat,1.652267818574514
speck,1.652267818574514
agape,1.6518358531317494
gouge,1.6518358531317494
graph,1.651403887688985
friar,1.651403887688985
basic,1.651403887688985
salad,1.651403887688985
lasso,1.6509719222462202
sense,1.6496760259179266
spicy,1.649244060475162
flout,1.6479481641468683
visor,1.6479481641468683
still,1.6479481641468683
abbey,1.6475161987041036
vogue,1.6470842332613391
abhor,1.6466522678185744
croup,1.64622030237581
prism,1.6457883369330453
midge,1.644924406047516
primo,1.644924406047516
zonal,1.6444924406047516
shack,1.644060475161987
wreck,1.644060475161987
tipsy,1.6436285097192225
circa,1.6436285097192225
unlit,1.6431965442764578
taunt,1.6427645788336933
bench,1.6414686825053997
depth,1.6414686825053997
eying,1.641036717062635
frond,1.6406047516198705
grind,1.6401727861771058
plank,1.6393088552915767
parry,1.6393088552915767
caulk,1.6388768898488122
silky,1.6384449244060475
stock,1.6375809935205183
askew,1.6371490280777539
patch,1.6367170626349892
woken,1.6367170626349892
stint,1.6362850971922247
pesky,1.63585313174946
birth,1.6349892008639308
harsh,1.6336933045356372
prong,1.6336933045356372
brass,1.6336933045356372
color,1.6336933045356372
donut,1.6336933045356372
fancy,1.6332613390928725
afoul,1.632829373650108
ghost,1.6323974082073434
vocal,1.6323974082073434
nudge,1.6315334773218142
thank,1.6315334773218142
pinto,1.6311015118790497
tacit,1.6311015118790497
recur,1.6298056155507559
natal,1.6298056155507559
nerve,1.6293736501079914
merge,1.6289416846652267
sauna,1.6289416846652267
freed,1.6289416846652267
woven,1.6280777537796975
trust,1.6280777537796975
worth,1.6280777537796975
chord,1.627645788336933
prowl,1.627645788336933
obese,1.626781857451404
world,1.6263498920086392
crown,1.6259179265658747
armor,1.624622030237581
porch,1.624622030237581
manic,1.6228941684665226
class,1.6228941684665226
girth,1.6228941684665226
given,1.6228941684665226
unity,1.622462203023758
trunk,1.622462203023758
joint,1.622462203023758
alarm,1.622462203023758
grass,1.621598272138229
mirth,1.621598272138229
shift,1.6207343412526998
lofty,1.6207343412526998
petty,1.6207343412526998
login,1.6207343412526998
pence,1.6203023758099353
knife,1.6203023758099353
detox,1.6198704103671706
tacky,1.6190064794816414
blunt,1.6177105831533478
harry,1.6172786177105831
elude,1.6168466522678187
butte,1.6168466522678187
gnash,1.616414686825054
welch,1.6159827213822895
empty,1.6159827213822895
balmy,1.6159827213822895
blank,1.6155507559395248
hello,1.6146868250539956
newer,1.6142548596112312
ahead,1.6142548596112312
borax,1.6138228941684665
flask,1.613390928725702
seven,1.613390928725702
tenth,1.6129589632829373
suing,1.6129589632829373
batch,1.6129589632829373
proud,1.6125269978401728
major,1.6125269978401728
error,1.6120950323974081
aroma,1.6120950323974081
could,1.6120950323974081
stick,1.611231101511879
vista,1.6107991360691145
catty,1.6095032397408207
libel,1.6090712742980562
study,1.6086393088552915
renew,1.608207343412527
arbor,1.6077753779697623
smith,1.6077753779697623
admit,1.6073434125269979
swell,1.6073434125269979
offer,1.6069114470842332
brisk,1.6069114470842332
sheep,1.6064794816414687
psalm,1.6064794816414687
never,1.606047516198704
cycle,1.6056155507559395
sumac,1.6047516198704104
cross,1.6047516198704104
sigma,1.6038876889848812
small,1.6034557235421167
belly,1.603023758099352
ivory,1.603023758099352
turbo,1.6025917926565876
prior,1.6025917926565876
canal,1.6025917926565876
titan,1.6021598272138229
marry,1.6021598272138229
edify,1.6021598272138229
sooth,1.6017278617710584
handy,1.6008639308855293
sprig,1.6008639308855293
until,1.6008639308855293
strut,1.6004319654427646
droll,1.6004319654427646
snowy,1.6
match,1.5995680345572354
medic,1.5995680345572354
speed,1.599136069114471
grimy,1.599136069114471
jaunt,1.5987041036717062
hence,1.5982721382289418
touch,1.5982721382289418
smirk,1.5982721382289418
axion,1.597840172786177
chalk,1.5974082073434126
slung,1.5965442764578834
where,1.5965442764578834
quail,1.5961123110151187
crypt,1.5956803455723543
chasm,1.5948164146868251
micro,1.5948164146868251
silly,1.593952483801296
ensue,1.5935205183585313
canon,1.5930885529157668
clamp,1.5930885529157668
anvil,1.5930885529157668
drink,1.592656587473002
sight,1.591792656587473
growl,1.591792656587473
wrack,1.5904967602591793
nasal,1.5904967602591793
polka,1.5900647948164146
risky,1.5896328293736501
shoot,1.5896328293736501
lurch,1.5892008639308854
teddy,1.5892008639308854
issue,1.5879049676025918
nomad,1.5874730021598271
drool,1.5874730021598271
coach,1.5870410367170626
whirl,1.5870410367170626
spawn,1.5870410367170626
topic,1.586609071274298
enjoy,1.5861771058315335
local,1.5857451403887688
penny,1.5848812095032399
slunk,1.5840172786177107
minty,1.5840172786177107
bison,1.5840172786177107
bring,1.583585313174946
deuce,1.5827213822894168
defer,1.5822894168466524
weave,1.5818574514038877
elbow,1.5814254859611232
bless,1.5809935205183585
gaffe,1.5792656587473002
dodge,1.5792656587473002
revue,1.578401727861771
right,1.578401727861771
lyric,1.578401727861771
nobly,1.5779697624190065
gourd,1.5779697624190065
cloud,1.5779697624190065
slosh,1.5775377969762419
flank,1.5775377969762419
throb,1.5771058315334774
udder,1.5766738660907127
valid,1.5766738660907127
fleck,1.5758099352051835
upper,1.5758099352051835
yacht,1.5749460043196544
stomp,1.5749460043196544
scamp,1.57451403887689
evade,1.57451403887689
scowl,1.57451403887689
drill,1.5740820734341252
canny,1.5736501079913607
notch,1.573218142548596
cling,1.5727861771058316
stout,1.5727861771058316
blond,1.5723542116630669
tutor,1.5719222462203024
helix,1.5714902807775377
tenet,1.5714902807775377
jerky,1.5714902807775377
brink,1.5710583153347732
laugh,1.5710583153347732
frisk,1.5688984881209502
etude,1.5676025917926566
theme,1.5676025917926566
venom,1.5676025917926566
truck,1.567170626349892
locus,1.5667386609071274
smack,1.5667386609071274
swami,1.5663066954643627
avoid,1.5663066954643627
flaky,1.5663066954643627
mecca,1.5663066954643627
wordy,1.5654427645788338
wench,1.5654427645788338
rocky,1.5654427645788338
brush,1.5637149028077755
mango,1.5632829373650108
chirp,1.5632829373650108
budge,1.5632829373650108
pique,1.5628509719222463
gamut,1.5624190064794816
leech,1.5619870410367171
tulip,1.561123110151188
sixty,1.561123110151188
quota,1.561123110151188
ingot,1.5606911447084233
bleed,1.5606911447084233
black,1.5602591792656588
clink,1.5602591792656588
fence,1.5585313174946005
beget,1.5580993520518358
weigh,1.5572354211663066
imbue,1.5563714902807775
crack,1.555939524838013
privy,1.5550755939524838
exile,1.5542116630669547
dowry,1.5542116630669547
troop,1.55377969762419
godly,1.55377969762419
annoy,1.5533477321814255
mangy,1.5533477321814255
churn,1.5533477321814255
radii,1.5529157667386608
synod,1.5524838012958964
aping,1.5524838012958964
lingo,1.5520518358531317
drown,1.5520518358531317
gaudy,1.5516198704103672
loyal,1.5516198704103672
tryst,1.5511879049676025
awake,1.5498920086393089
phony,1.5490280777537797
midst,1.5490280777537797
crimp,1.548596112311015
rough,1.5481641468682505
doing,1.5477321814254859
sappy,1.5473002159827214
tunic,1.5473002159827214
stung,1.5473002159827214
among,1.546868250539957
blind,1.5460043196544277
elegy,1.545572354211663
showy,1.5442764578833694
bigot,1.5434125269978403
sulky,1.5434125269978403
eking,1.542548596112311
enema,1.542548596112311
throw,1.542548596112311
crowd,1.5421166306695464
amply,1.541684665226782
dally,1.541684665226782
disco,1.5408207343412528
month,1.540388768898488
exert,1.540388768898488
grill,1.540388768898488
cacti,1.539524838012959
prick,1.539524838012959
dusty,1.5390928725701944
group,1.5386609071274298
ledge,1.5382289416846653
begun,1.5382289416846653
patty,1.5377969762419006
epoxy,1.5377969762419006
incur,1.5377969762419006
watch,1.5369330453563714
flail,1.536501079913607
agora,1.5360691144708423
logic,1.5356371490280778
stunk,1.5347732181425486
boost,1.5347732181425486
truss,1.534341252699784
wrong,1.5339092872570195
arrow,1.5321814254859611
birch,1.5317494600431965
bayou,1.531317494600432
verge,1.5308855291576673
queer,1.5308855291576673
dross,1.5308855291576673
brown,1.5304535637149028
iliac,1.5295896328293737
hymen,1.5287257019438445
motor,1.5287257019438445
moldy,1.52829373650108
child,1.5278617710583153
woman,1.5269978401727862
joust,1.5265658747300217
datum,1.5265658747300217
endow,1.526133909287257
scuba,1.5257019438444925
shrug,1.5252699784017278
fudge,1.5252699784017278
wagon,1.5248380129589634
floor,1.5235421166306695
fatal,1.5235421166306695
bleep,1.5226781857451404
leggy,1.5226781857451404
whelp,1.5226781857451404
flack,1.5222462203023759
basal,1.5222462203023759
topaz,1.5213822894168467
scrum,1.520950323974082
tepee,1.5205183585313176
thong,1.5196544276457884
clown,1.5196544276457884
shock,1.5196544276457884
syrup,1.5192224622030237
modem,1.5192224622030237
annex,1.5192224622030237
needy,1.5183585313174945
grown,1.5183585313174945
quasi,1.5174946004319654
twang,1.517062634989201
gecko,1.5166306695464362
rowdy,1.515766738660907
brick,1.515766738660907
glass,1.5153347732181426
gusto,1.5153347732181426
sloop,1.5153347732181426
frill,1.5144708423326134
quilt,1.5140388768898487
batty,1.5140388768898487
proxy,1.512742980561555
amaze,1.5110151187904968
kneel,1.509719222462203
ozone,1.509719222462203
koala,1.5092872570194384
chess,1.5092872570194384
donor,1.5092872570194384
toxin,1.5092872570194384
youth,1.5084233261339093
fewer,1.5079913606911448
shown,1.5079913606911448
wring,1.5075593952483801
every,1.5075593952483801
banal,1.5071274298056156
robot,1.5071274298056156
gusty,1.5053995680345573
humor,1.5053995680345573
mouth,1.5049676025917926
botch,1.5049676025917926
trump,1.5045356371490282
stunt,1.5045356371490282
stood,1.5041036717062635
frock,1.5041036717062635
musty,1.5041036717062635
unfed,1.5028077753779698
catch,1.5023758099352051
await,1.5019438444924407
pasta,1.5002159827213823
fever,1.4997840172786177
freer,1.4997840172786177
shrub,1.4993520518358532
melee,1.4993520518358532
afoot,1.4989200863930885
sully,1.4989200863930885
macho,1.4980561555075593
spool,1.4980561555075593
gross,1.4971922246220302
filth,1.4971922246220302
morph,1.4958963282937365
tough,1.4937365010799135
swift,1.4937365010799135
thing,1.493304535637149
light,1.493304535637149
doubt,1.4928725701943844
bonus,1.4924406047516199
scrub,1.4924406047516199
frown,1.4924406047516199
spiky,1.4920086393088552
roomy,1.4920086393088552
pivot,1.491144708423326
mocha,1.4898488120950324
booze,1.489416846652268
honor,1.489416846652268
unwed,1.488120950323974
admin,1.4876889848812096
vigor,1.4876889848812096
taboo,1.487257019438445
lilac,1.4868250539956804
pound,1.4868250539956804
smoky,1.4863930885529157
spill,1.4846652267818574
razor,1.484233261339093
build,1.484233261339093
delve,1.482937365010799
index,1.48207343412527
plush,1.4812095032397408
think,1.4807775377969763
pithy,1.4807775377969763
aloof,1.4799136069114471
ember,1.4799136069114471
sweep,1.4794816414686824
stuck,1.4794816414686824
dimly,1.479049676025918
magic,1.4777537796976241
gassy,1.4764578833693305
staff,1.4764578833693305
fatty,1.4760259179265658
vomit,1.4760259179265658
larva,1.4751619870410366
wheel,1.4747300215982722
guild,1.4721382289416847
gayly,1.4721382289416847
coyly,1.47170626349892
drama,1.4704103671706263
wharf,1.4704103671706263
array,1.4691144708423327
optic,1.468682505399568
slump,1.4660907127429805
stoop,1.4660907127429805
hound,1.464794816414687
blink,1.464794816414687
event,1.4639308855291577
booty,1.463498920086393
bound,1.4630669546436286
virus,1.4622030237580994
salsa,1.4617710583153347
drunk,1.4609071274298056
rumba,1.4609071274298056
fritz,1.460475161987041
motif,1.460475161987041
ghoul,1.460475161987041
thrum,1.4600431965442764
pitch,1.459611231101512
curvy,1.4591792656587472
colon,1.458315334773218
attic,1.457451403887689
smash,1.457451403887689
blush,1.457451403887689
ditch,1.457451403887689
vixen,1.457451403887689
sunny,1.4570194384449244
tying,1.4565874730021597
aglow,1.4565874730021597
krill,1.4557235421166306
undue,1.455291576673866
dryly,1.455291576673866
forum,1.4548596112311014
swamp,1.454427645788337
usual,1.454427645788337
guess,1.4535637149028078
quark,1.4535637149028078
dandy,1.4509719222462203
quash,1.4509719222462203
sassy,1.4505399568034558
venue,1.4505399568034558
clack,1.4496760259179267
tweed,1.4496760259179267
mound,1.4496760259179267
moron,1.449244060475162
savvy,1.449244060475162
squad,1.4488120950323975
sixth,1.4483801295896328
rigor,1.4483801295896328
gipsy,1.4483801295896328
axiom,1.4479481641468683
basis,1.4475161987041036
hatch,1.4466522678185745
belle,1.4453563714902808
annul,1.4449244060475162
augur,1.4444924406047517
truth,1.444060475161987
abbot,1.4436285097192225
geese,1.4436285097192225
dogma,1.4436285097192225
theft,1.4423326133909287
smock,1.4423326133909287
ennui,1.4414686825053995
havoc,1.4414686825053995
dwarf,1.441036717062635
clung,1.441036717062635
human,1.4406047516198703
would,1.4406047516198703
cabal,1.4401727861771059
fanny,1.4401727861771059
lucid,1.4397408207343412
fling,1.4393088552915767
lunch,1.438876889848812
curry,1.438876889848812
rabbi,1.438876889848812
pouch,1.438876889848812
junta,1.4362850971922245
bevel,1.43585313174946
block,1.43585313174946
input,1.4354211663066954
swing,1.4341252699784017
dolly,1.4336933045356373
enemy,1.432829373650108
crock,1.4315334773218142
worry,1.4315334773218142
mania,1.4311015118790498
tabby,1.430669546436285
soggy,1.4302375809935206
jelly,1.4272138228941684
downy,1.4272138228941684
penne,1.4272138228941684
waltz,1.4272138228941684
lying,1.4259179265658748
champ,1.4259179265658748
thick,1.42548596112311
avail,1.4250539956803456
found,1.4250539956803456
spoon,1.424622030237581
blown,1.4241900647948165
toxic,1.4241900647948165
crook,1.4228941684665226
whiny,1.4228941684665226
alibi,1.4224622030237581
banjo,1.4220302375809935
loopy,1.4211663066954643
dingo,1.4211663066954643
tibia,1.4211663066954643
jetty,1.4211663066954643
amiss,1.4198704103671707
aphid,1.419438444924406
slush,1.419438444924406
flush,1.419438444924406
umbra,1.419438444924406
album,1.4190064794816415
again,1.4185745140388768
caddy,1.4185745140388768
conic,1.4177105831533476
snuck,1.4172786177105832
crump,1.4168466522678185
stump,1.4168466522678185
spasm,1.4159827213822893
apply,1.4151187904967601
holly,1.4138228941684665
shyly,1.411231101511879
dingy,1.411231101511879
minus,1.4099352051835854
refer,1.4099352051835854
beech,1.4095032397408207
night,1.4090712742980562
brood,1.4086393088552915
cheek,1.4077753779697624
swash,1.4077753779697624
mogul,1.407343412526998
fluid,1.407343412526998
cough,1.406047516198704
pinch,1.4051835853131749
crick,1.4051835853131749
idiot,1.4047516198704104
itchy,1.4038876889848813
snoop,1.4038876889848813
allow,1.4038876889848813
druid,1.4034557235421166
swill,1.403023758099352
pixie,1.402159827213823
vapid,1.4012958963282938
filmy,1.400863930885529
golly,1.4
bingo,1.3995680345572354
taffy,1.3995680345572354
adapt,1.3991360691144707
cumin,1.3991360691144707
toddy,1.3982721382289416
hydro,1.3982721382289416
pupal,1.3982721382289416
flock,1.3978401727861771
using,1.3956803455723543
qualm,1.3952483801295896
skill,1.3948164146868252
unfit,1.3943844492440605
award,1.3943844492440605
ought,1.3930885529157668
wooly,1.3930885529157668
blitz,1.3922246220302377
equip,1.3922246220302377
droop,1.3922246220302377
rotor,1.3913606911447085
gloss,1.3909287257019438
debug,1.3900647948164147
judge,1.3874730021598272
hedge,1.3874730021598272
wound,1.3870410367170627
bawdy,1.3861771058315335
flown,1.3861771058315335
climb,1.3857451403887688
young,1.3844492440604752
verve,1.383585313174946
tatty,1.3822894168466522
limit,1.3809935205183586
teeth,1.3809935205183586
kebab,1.3805615550755939
bossy,1.3805615550755939
comma,1.3805615550755939
fishy,1.3796976241900647
going,1.3796976241900647
murky,1.3788336933045355
dwell,1.3779697624190064
bliss,1.3766738660907127
focus,1.3762419006479483
wrung,1.3758099352051836
parka,1.3749460043196544
chill,1.37451403887689
folly,1.3740820734341253
milky,1.3740820734341253
weedy,1.3740820734341253
furor,1.373218142548596
aging,1.3727861771058316
flick,1.3714902807775378
spunk,1.3714902807775378
limbo,1.3710583153347733
bezel,1.3706263498920086
ditto,1.3684665226781858
mossy,1.367170626349892
music,1.3658747300215983
evoke,1.3650107991360692
floss,1.3650107991360692
beefy,1.3650107991360692
dilly,1.3645788336933045
icily,1.36414686825054
dutch,1.3624190064794817
imply,1.3624190064794817
unify,1.361987041036717
shuck,1.3615550755939525
quell,1.3615550755939525
pinky,1.3606911447084233
crumb,1.3602591792656586
wacky,1.3598272138228942
witch,1.3598272138228942
twist,1.3593952483801295
axial,1.358963282937365
ditty,1.3585313174946003
wryly,1.3576673866090714
plunk,1.3568034557235422
comfy,1.355939524838013
queen,1.3555075593952484
fugue,1.3546436285097192
naval,1.3542116630669547
geeky,1.3529157667386609
rumor,1.3529157667386609
kneed,1.3524838012958964
radar,1.3520518358531317
rugby,1.3516198704103672
booth,1.350755939524838
lynch,1.3503239740820734
eject,1.348596112311015
ionic,1.3468682505399567
paddy,1.3468682505399567
blimp,1.3468682505399567
folio,1.3464362850971923
pushy,1.3464362850971923
windy,1.3460043196544276
union,1.345572354211663
hurry,1.3451403887688984
hilly,1.344708423326134
finch,1.34341252699784
billy,1.3429805615550756
cabby,1.3429805615550756
swoon,1.3429805615550756
broom,1.342548596112311
wispy,1.3416846652267818
villa,1.3412526997840173
scoop,1.3412526997840173
allay,1.3408207343412526
butch,1.3408207343412526
conch,1.3399568034557234
fauna,1.3399568034557234
quoth,1.3386609071274298
tweet,1.3382289416846653
bitty,1.3369330453563715
junto,1.336501079913607
check,1.3360691144708423
avian,1.3360691144708423
bylaw,1.3334773218142548
vinyl,1.3330453563714904
dough,1.3321814254859612
excel,1.331317494600432
owing,1.3304535637149029
groom,1.3304535637149029
offal,1.3282937365010798
might,1.3274298056155507
brook,1.3274298056155507
stiff,1.3257019438444924
blurb,1.3252699784017279
clock,1.3252699784017279
gulch,1.3248380129589632
opium,1.3248380129589632
mulch,1.3235421166306696
bushy,1.3226781857451404
proof,1.3222462203023757
juicy,1.3196544276457884
kiosk,1.3192224622030237
whack,1.317062634989201
lucky,1.3161987041036718
lumpy,1.3144708423326135
awful,1.3123110151187904
pagan,1.3123110151187904
chili,1.311879049676026
clump,1.3105831533477321
awash,1.3105831533477321
bough,1.3105831533477321
nutty,1.3101511879049677
punch,1.3101511879049677
wedge,1.309719222462203
mushy,1.3092872570194385
occur,1.3079913606911446
flung,1.3075593952483802
ficus,1.3071274298056155
karma,1.3058315334773218
winch,1.3053995680345571
furry,1.3053995680345571
filly,1.3049676025917927
shook,1.3049676025917927
couch,1.304535637149028
ninth,1.304535637149028
vouch,1.3036717062634988
quirk,1.3028077753779697
fight,1.3028077753779697
blood,1.3023758099352052
swung,1.3023758099352052
width,1.3023758099352052
pluck,1.301511879049676
lowly,1.3010799136069116
rajah,1.2993520518358532
click,1.2989200863930885
missy,1.2980561555075594
nanny,1.2980561555075594
vodka,1.2980561555075594
happy,1.2980561555075594
skimp,1.2954643628509719
flunk,1.2950323974082074
dying,1.2950323974082074
bulky,1.29244060475162
lobby,1.2920086393088552
cacao,1.291144708423326
gawky,1.2889848812095033
ruddy,1.2885529157667386
baggy,1.287257019438445
bunch,1.2863930885529158
expel,1.2846652267818575
picky,1.2825053995680347
photo,1.2812095032397408
howdy,1.2799136069114472
dusky,1.2786177105831533
visit,1.2777537796976242
level,1.2777537796976242
fjord,1.2764578833693305
goody,1.2760259179265658
oddly,1.2755939524838014
moody,1.2747300215982722
sissy,1.2734341252699783
munch,1.2730021598272139
alpha,1.2725701943844492
comic,1.2721382289416847
quack,1.2712742980561555
pooch,1.2712742980561555
cinch,1.2708423326133909
condo,1.2708423326133909
hitch,1.2695464362850972
dully,1.2695464362850972
cocoa,1.2695464362850972
jewel,1.2682505399568034
slyly,1.267818574514039
emcee,1.2673866090712742
willy,1.2669546436285097
putty,1.2656587473002159
wight,1.2647948164146867
knoll,1.2643628509719222
flood,1.2643628509719222
sniff,1.263498920086393
skull,1.2630669546436286
rigid,1.2630669546436286
pupil,1.2630669546436286
fifty,1.2617710583153348
knack,1.2613390928725703
chunk,1.2613390928725703
witty,1.2609071274298056
spook,1.259611231101512
husky,1.2587473002159828
whisk,1.257451403887689
swish,1.2570194384449245
nylon,1.2557235421166306
forgo,1.2552915766738661
duchy,1.2509719222462203
digit,1.2505399568034556
bully,1.2479481641468682
papal,1.2475161987041037
mambo,1.2457883369330454
skulk,1.2444924406047517
musky,1.2436285097192226
hunky,1.2436285097192226
thigh,1.2414686825053995
kitty,1.240172786177106
manga,1.240172786177106
sushi,1.2384449244060476
bloom,1.2362850971922246
jolly,1.2362850971922246
gully,1.23585313174946
juror,1.2354211663066954
polyp,1.2341252699784018
mafia,1.232829373650108
thump,1.2311015118790496
spoof,1.2306695464362851
scoff,1.2272138228941685
plaza,1.2263498920086393
pubic,1.2254859611231101
assay,1.2254859611231101
gloom,1.2241900647948165
pulpy,1.2233261339092873
humid,1.221598272138229
swoop,1.2211663066954643
embed,1.2207343412526999
usurp,1.2198704103671707
cliff,1.219438444924406
tooth,1.2190064794816415
squib,1.2190064794816415
hussy,1.2181425485961124
outdo,1.2129589632829374
pudgy,1.2120950323974082
woody,1.2120950323974082
igloo,1.2107991360691144
fungi,1.21036717062635
fully,1.2099352051835852
tight,1.209071274298056
timid,1.208207343412527
bunny,1.206047516198704
dodgy,1.2043196544276458
funky,1.2038876889848813
khaki,1.2034557235421166
chaff,1.2030237580993521
civil,1.202159827213823
lipid,1.1982721382289416
stuff,1.1939524838012958
uncut,1.191792656587473
skunk,1.1909287257019439
goofy,1.1909287257019439
abyss,1.186609071274298
glyph,1.1857451403887689
llama,1.1844492440604752
dumpy,1.183585313174946
plumb,1.1822894168466522
wimpy,1.1809935205183586
outgo,1.180561555075594
fussy,1.178401727861771
bosom,1.177537796976242
daddy,1.1749460043196545
thumb,1.1745140388768898
hutch,1.1745140388768898
femme,1.1706263498920086
funny,1.1680345572354212
cluck,1.167170626349892
cynic,1.1650107991360692
ninja,1.1645788336933045
vying,1.161987041036717
chock,1.158099352051836
quill,1.1572354211663067
aback,1.1559395248380129
lupus,1.1542116630669546
mucky,1.1503239740820734
kinky,1.1494600431965443
fifth,1.1490280777537798
amass,1.147732181425486
onion,1.1473002159827215
biddy,1.1460043196544276
chump,1.1434125269978401
bongo,1.1429805615550757
hobby,1.1412526997840173
foggy,1.1412526997840173
inbox,1.1386609071274298
knock,1.1369330453563715
idiom,1.1352051835853132
guava,1.1352051835853132
maxim,1.134341252699784
piggy,1.1339092872570193
giddy,1.1339092872570193
mammy,1.1334773218142549
queue,1.132181425485961
chick,1.1317494600431965
snuff,1.1317494600431965
hippo,1.1308855291576674
dowdy,1.1300215982721382
macaw,1.129157667386609
myrrh,1.1287257019438446
idyll,1.1269978401727863
icing,1.1218142548596113
hippy,1.1209503239740821
ninny,1.1209503239740821
quick,1.1205183585313174
hunch,1.120086393088553
boozy,1.1144708423326133
lymph,1.1131749460043197
undid,1.1131749460043197
gumbo,1.1114470842332613
livid,1.1019438444924405
ovoid,1.1002159827213822
booby,1.0989200863930886
cubic,1.0911447084233261
widow,1.0894168466522678
which,1.0868250539956803
gruff,1.0863930885529158
shush,1.0842332613390928
gypsy,1.0812095032397409
plump,1.0803455723542117
pizza,1.0781857451403887
motto,1.076889848812095
skiff,1.0725701943844492
vigil,1.0712742980561556
unzip,1.0647948164146868
poppy,1.0535637149028079
buddy,1.0509719222462204
woozy,1.0384449244060474
muddy,1.0375809935205185
buxom,1.0367170626349893
mucus,1.034989200863931
dummy,1.032829373650108
nymph,1.0289416846652268
madam,1.027645788336933
whoop,1.0211663066954644
bobby,1.0181425485961124
buggy,1.0151187904967602
twixt,1.0138228941684666
guppy,1.0120950323974083
chuck,1.0
gummy,0.9991360691144708
bluff,0.9922246220302375
jumpy,0.9861771058315335
humus,0.9827213822894169
affix,0.9749460043196544
kayak,0.9688984881209504
puffy,0.9680345572354212
known,0.9676025917926566
dizzy,0.9663066954643629
gamma,0.9580993520518358
magma,0.9572354211663067
minim,0.9546436285097192
jumbo,0.947732181425486
jazzy,0.9460043196544277
fizzy,0.906695464362851
pygmy,0.8997840172786177
puppy,0.8894168466522678
kappa,0.8863930885529158
humph,0.8829373650107991
whiff,0.8807775377969762
mimic,0.873866090712743
jiffy,0.8634989200863931
mummy,0.8613390928725702
fluff,0.8548596112311015
civic,0.8375809935205184
mamma,0.8203023758099353
fuzzy,0.8116630669546436
vivid,0.7719222462203024
